A, A_1_2_3_4_5_6_7_8_9_10_11_12_13_14_15_16_17_18_19_21_22_23_24_25
A, A_20_26
A_12_18, A12
A_12_18, A18
A_14_19, A14
A_14_19, A19
A_1_11_17_21_22, A11
A_1_11_17_21_22, A_1_17_21_22
A_1_17_21_22, A21
A_1_17_21_22, A_1_17_22
A_1_17_22, A17
A_1_17_22, A_1_22
A_1_22, A1
A_1_22, A22
A_1_2_3_4_5_6_7_8_9_10_11_12_13_14_15_16_17_18_19_21_22_23_24_25, A_1_7_10_11_12_13_17_18_21_22_25
A_1_2_3_4_5_6_7_8_9_10_11_12_13_14_15_16_17_18_19_21_22_23_24_25, A_2_3_4_5_6_8_9_14_15_16_19_23_24
A_1_7_10_11_12_13_17_18_21_22_25, A10
A_1_7_10_11_12_13_17_18_21_22_25, A_1_7_11_12_13_17_18_21_22_25
A_1_7_11_12_13_17_18_21_22_25, A_1_11_17_21_22
A_1_7_11_12_13_17_18_21_22_25, A_7_12_13_18_25
A_20_26, A20
A_20_26, A26
A_2_24, A2
A_2_24, A24
A_2_3_4_5_6_8_9_14_15_16_19_23_24, A_2_5_9_14_15_16_19_24
A_2_3_4_5_6_8_9_14_15_16_19_23_24, A_3_4_6_8_23
A_2_3_4_5_6_8_9_14_15_16_19_23_24, C
A_2_5_16_24, A_2_24
A_2_5_16_24, A_5_16
A_2_5_9_14_15_16_19_24, A_14_19
A_2_5_9_14_15_16_19_24, A_2_5_9_15_16_24
A_2_5_9_15_16_24, A_2_5_16_24
A_2_5_9_15_16_24, A_9_15
A_3_4_6_8_23, A_3_6_8
A_3_4_6_8_23, A_4_23
A_3_6_8, A3
A_3_6_8, A_6_8
A_4_23, A23
A_4_23, A4
A_5_16, A16
A_5_16, A5
A_6_8, A6
A_6_8, A8
A_7_12_13_18, A_12_18
A_7_12_13_18, A_7_13
A_7_12_13_18_25, A25
A_7_12_13_18_25, A_7_12_13_18
A_7_13, A13
A_7_13, A7
A_9_15, A15
A_9_15, A9
B, B_1_3_5_6_7_8_9_10_11_12_14_15_17_21_23_24
B, B_2_4_13_16_18_19_20_22_25_26
B17, C
B_10_17, B10
B_10_17, B17
B_12_21, B12
B_12_21, B21
B_13_18_19_20_26, B19
B_13_18_19_20_26, B_13_18_20_26
B_13_18_20_26, B13
B_13_18_20_26, B_18_20_26
B_14_23, B14
B_14_23, B23
B_16_22, B16
B_16_22, B22
B_18_20_26, B20
B_18_20_26, B_18_26
B_18_26, B18
B_18_26, B26
B_1_3_5_6_7_8_10_11_12_14_17_21_23_24, B_1_5_6_7_11_12_14_21_23
B_1_3_5_6_7_8_10_11_12_14_17_21_23_24, B_3_8_10_17_24
B_1_3_5_6_7_8_9_10_11_12_14_15_17_21_23_24, B_1_3_5_6_7_8_10_11_12_14_17_21_23_24
B_1_3_5_6_7_8_9_10_11_12_14_15_17_21_23_24, B_9_15
B_1_5, B1
B_1_5, B5
B_1_5_6_11, B_1_5
B_1_5_6_11, B_6_11
B_1_5_6_11_14_23, B_14_23
B_1_5_6_11_14_23, B_1_5_6_11
B_1_5_6_7_11_12_14_21_23, B_1_5_6_11_14_23
B_1_5_6_7_11_12_14_21_23, B_7_12_21
B_2_25, B2
B_2_25, B25
B_2_4_13_16_18_19_20_22_25_26, B_13_18_19_20_26
B_2_4_13_16_18_19_20_22_25_26, B_2_4_16_22_25
B_2_4_16_22_25, B_2_25
B_2_4_16_22_25, B_4_16_22
B_3_8, B3
B_3_8, B8
B_3_8_10_17, B_10_17
B_3_8_10_17, B_3_8
B_3_8_10_17_24, B24
B_3_8_10_17_24, B_3_8_10_17
B_4_16_22, B4
B_4_16_22, B_16_22
B_6_11, B11
B_6_11, B6
B_7_12_21, B7
B_7_12_21, B_12_21
B_9_15, B15
B_9_15, B9
C, C_14_21
C, C_1_2_3_4_5_6_7_8_9_10_11_12_13_15_16_17_18_19_20_22_23_24_25_26
C_12_15, C12
C_12_15, C15
C_14_21, C14
C_14_21, C21
C_16_24, C16
C_16_24, C24
C_18_25, C18
C_18_25, C25
C_1_2_3_4_5_6_7_8_9_10_11_12_13_15_16_17_18_19_20_22_23_24_25_26, C_1_4_5_6_7_8_11_13_17_18_19_20_23_25_26
C_1_2_3_4_5_6_7_8_9_10_11_12_13_15_16_17_18_19_20_22_23_24_25_26, C_2_3_9_10_12_15_16_22_24
C_1_4_5_6_7_8_11_13_17_18_19_20_23_25_26, C11
C_1_4_5_6_7_8_11_13_17_18_19_20_23_25_26, C_1_4_5_6_7_8_13_17_18_19_20_23_25_26
C_1_4_5_6_7_8_13_17_18_19_20_23_25_26, C_1_8_20
C_1_4_5_6_7_8_13_17_18_19_20_23_25_26, C_4_5_6_7_13_17_18_19_23_25_26
C_1_8, C1
C_1_8, C8
C_1_8_20, C20
C_1_8_20, C_1_8
C_2_3_9_10_12_15_16_22_24, C22
C_2_3_9_10_12_15_16_22_24, C_2_3_9_10_12_15_16_24
C_2_3_9_10_12_15_16_24, C_12_15
C_2_3_9_10_12_15_16_24, C_2_3_9_10_16_24
C_2_3_9_10_16_24, C2
C_2_3_9_10_16_24, C_3_9_10_16_24
C_3_10, C10
C_3_10, C3
C_3_10_16_24, C_16_24
C_3_10_16_24, C_3_10
C_3_9_10_16_24, C9
C_3_9_10_16_24, C_3_10_16_24
C_4_26, C26
C_4_26, C4
C_4_5_6_7_13_17_18_19_23_25_26, C19
C_4_5_6_7_13_17_18_19_23_25_26, C_4_5_6_7_13_17_18_23_25_26
C_4_5_6_7_13_17_18_23_25_26, C_18_25
C_4_5_6_7_13_17_18_23_25_26, C_4_5_6_7_13_17_23_26
C_4_5_6_7_13_17_23_26, C_4_26
C_4_5_6_7_13_17_23_26, C_5_6_7_13_17_23
C_5_6_7_13_17_23, C17
C_5_6_7_13_17_23, C_5_6_7_13_23
C_5_6_7_13_23, C6
C_5_6_7_13_23, C_5_7_13_23
C_5_7_13_23, C5
C_5_7_13_23, C_7_13_23
C_7_13, C13
C_7_13, C7
C_7_13_23, C23
C_7_13_23, C_7_13